Designator,Footprint,Designation,JLCPCB Part #
"SW42",SW_SPST_SKQG_WithStem,RESET,C318884
"SW3,SW8,SW23,SW25,SW21,SW24,SW19,SW2,SW13,SW1,SW11,SW26,SW6,SW18,SW16,SW29,SW32,SW12,SW15,SW14,SW5,SW28,SW22,SW31,SW10,SW20,SW30,SW7,SW9,SW4,SW17,SW27",SW_SPST_EVQP0,SW_Push,C713479
"D30,D29,D15,D6,D24,D18,D3,D2,D10,D14,D19,D8,D4,D32,D16,D20,D12,D26,D11,D27,D13,D7,D28,D5,D21,D22,D25,D23,D17,D9,D1,D31",D_SOD-323,D_Small,C2128
"R1",R_0402_1005Metric,10k,C25744
"C1,C2",C_0402_1005Metric,100nF,C1525
"R5,R4",R_0402_1005Metric,5.1k,C25905
"U1",TSSOP-20_4.4x6.5mm_P0.65mm,CH552T,C111367
"J1",USB_C_Receptacle_HRO_TYPE-C-31-M-12,USB_C_Receptacle_USB2.0,C165948
"SW41",SW_SPST_SKQG_WithStem,BOOT,C318884