"Id";"Designator";"Footprint";"Quantity";"Designation";"Supplier and ref";
1;"SW42";"SW_SPST_SKQG_WithStem";1;"RESET";;;
2;"SW41";"SW_SPST_SKQG_WithStem";1;"BOOT";;;
3;"SW32,SW31,SW30,SW29,SW28,SW27,SW26,SW25,SW24,SW23,SW22,SW21,SW20,SW19,SW18,SW17,SW16,SW15,SW14,SW13,SW12,SW11,SW10,SW9,SW8,SW7,SW6,SW5,SW4,SW3,SW2,SW1";"SW_SPST_EVQP0";32;"SW_Push";;;
4;"D30,D29,D15,D6,D24,D18,D3,D2,D10,D14,D19,D8,D4,D32,D16,D20,D12,D26,D11,D27,D13,D7,D28,D5,D21,D22,D25,D23,D17,D9,D1,D31";"D_SOD-323";32;"D_Small";;;
5;"H4,H3,H8,H2,H6,H1,H5,H7";"m1.6_hole";8;"MountingHole_Pad";;;
6;"R1";"R_0402_1005Metric";1;"10k";;;
7;"C1,C2";"C_0402_1005Metric";2;"100nF";;;
8;"R5,R4";"R_0402_1005Metric";2;"5.1k";;;
9;"U1";"TSSOP-20_4.4x6.5mm_P0.65mm";1;"CH552T";;;
10;"J1";"USB_C_Receptacle_HRO_TYPE-C-31-M-12";1;"USB_C_Receptacle_USB2.0";;;
